job_title, company_name, state, city, link 
Data scientist,Artisan industries  inc.,Massachusetts,Stoughton,https://nucareers.northeastern.edu/postings.htm?pId=1861201
It design co-op,Bmw of north america  llc,New jersey,Woodcliff lake,https://nucareers.northeastern.edu/postings.htm?pId=1860544
It project management co-op agile and ios apps,Bmw of north america  llc,New jersey,Woodcliff lake,https://nucareers.northeastern.edu/postings.htm?pId=1860547
Front end developer internship,Continuum managed services  llc,Massachusetts,Boston,https://nucareers.northeastern.edu/postings.htm?pId=1861196
Operations co-op,Enernoc,Massachusetts,Boston,https://nucareers.northeastern.edu/postings.htm?pId=1860698
Assistant production support co-op boston  ma,Fidelity investments,Massachusetts,Merrimack,https://nucareers.northeastern.edu/postings.htm?pId=1861185
(ccis) junior devops systems administrator internship,Harvard medical school,Massachusetts,Boston,https://nucareers.northeastern.edu/postings.htm?pId=1860779
(ccis) project management internship,Harvard medical school,Massachusetts,Boston,https://nucareers.northeastern.edu/postings.htm?pId=1860780
(ccis) research data management intern,Harvard medical school,Massachusetts,Boston,https://nucareers.northeastern.edu/postings.htm?pId=1860781
(ccis) business systems analyst,Monotype,Massachusetts,Woburn,https://nucareers.northeastern.edu/postings.htm?pId=1860757
(ccis) software development engineer in test,Monotype,Massachusetts,Woburn,https://nucareers.northeastern.edu/postings.htm?pId=1860574
[coop] junior software developer,Moviri,Massachusetts,Boston,https://nucareers.northeastern.edu/postings.htm?pId=1860832
Virtual reality brain monitoring research assistant,Northeastern university,Massachusetts,Boston,https://nucareers.northeastern.edu/postings.htm?pId=1860817
(ccis)machine learning for materials manufacturing,Northeastern university,Massachusetts,Boston,https://nucareers.northeastern.edu/postings.htm?pId=1860532
(ccis) web and mobile developer,Orig3n  inc.,Massachusetts,Boston,https://nucareers.northeastern.edu/postings.htm?pId=1861134
Associate co-op consultant,Putnam associates inc,Massachusetts,Boston,https://nucareers.northeastern.edu/postings.htm?pId=1847508
Service desk analyst trainee,Pvh corp.,New york,New york,https://nucareers.northeastern.edu/postings.htm?pId=1860007
Desktop engineer trainee,Pvh corp.,New jersey,Bridgewater,https://nucareers.northeastern.edu/postings.htm?pId=1860432
Technical writer co-op,Pvh corp.,New jersey,Bridgewater,https://nucareers.northeastern.edu/postings.htm?pId=1852745
(ccis) developer/analyst trainee,Pvh corp.,New jersey,Bridgewater,https://nucareers.northeastern.edu/postings.htm?pId=1857899
(ccis) web application developer,Source code/thinkmate,Massachusetts,Waltham,https://nucareers.northeastern.edu/postings.htm?pId=1861069
(ccis) .net/ angular js developer,Synqware,Massachusetts,Great barrington,https://nucareers.northeastern.edu/postings.htm?pId=1860429
Software engineer intern,Welltok,Massachusetts,Burlington,https://nucareers.northeastern.edu/postings.htm?pId=1860676
(ccis) software technical support co-op,Air worldwide,Massachusetts,Boston,https://nucareers.northeastern.edu/postings.htm?pId=1858863
Digital developing designer,Arnold worldwide,Massachusetts,Boston,https://nucareers.northeastern.edu/postings.htm?pId=1859834
Wealth management operations data management and analytics,Cambridge bancorp,Massachusetts,Cambridge,https://nucareers.northeastern.edu/postings.htm?pId=1860735
Technology co-op,Ef education first,Massachusetts,Boston,https://nucareers.northeastern.edu/postings.htm?pId=1856544
Operations intern,Globetax,New york,New york,https://nucareers.northeastern.edu/postings.htm?pId=1860359
(ccis) architecture co-op,Grantham  mayo  van otterloo & co  llc,Massachusetts,Boston,https://nucareers.northeastern.edu/postings.htm?pId=1860652
It service desk internship,Irobot,Massachusetts,Bedford,https://nucareers.northeastern.edu/postings.htm?pId=1860585
(ccis) it support,Lupoli companies,Massachusetts,Lawrence,https://nucareers.northeastern.edu/postings.htm?pId=1858968
Associate engineer,Maximus  inc.,District of columbia,Reston,https://nucareers.northeastern.edu/postings.htm?pId=1851987
(ccis) it developer  enterprise application technology group co-op,Natixis investment managers,Massachusetts,Boston,https://nucareers.northeastern.edu/postings.htm?pId=1857796
Cartographic projects assistant,Norman b. leventhal map & education center,Massachusetts,Boston,https://nucareers.northeastern.edu/postings.htm?pId=1845454
(ccis) co-op  firmware test engineering - cambridge,Philips,Massachusetts,Cambridge,https://nucareers.northeastern.edu/postings.htm?pId=1860520
Hr operations intern/co-op,The boston consulting group international inc,Massachusetts,Boston,https://nucareers.northeastern.edu/postings.htm?pId=1861199
Recruiting intern,The boston consulting group international inc,Massachusetts,Boston,https://nucareers.northeastern.edu/postings.htm?pId=1861159
Global marketing & change communications co-op,The boston consulting group international inc,Massachusetts,Boston,https://nucareers.northeastern.edu/postings.htm?pId=1860479
Firmware engineering intern/co-op,Zglue inc.,California,Mountain view,https://nucareers.northeastern.edu/postings.htm?pId=1861214
(global) robotic arm software engineering co-op,2mar robotics,Global ,Richmond,https://nucareers.northeastern.edu/postings.htm?pId=1850536
(ccis) product manager,Acquia inc.,Massachusetts,Boston,https://nucareers.northeastern.edu/postings.htm?pId=1859015
Apparel product creation co-op,Adidas ag,Massachusetts,Boston,https://nucareers.northeastern.edu/postings.htm?pId=1860308
Management consulting co-op,Arkwright consulting,Global ,Oslo,https://nucareers.northeastern.edu/postings.htm?pId=1851481
Digital strategy & architecture analyst,Boston private financial holdings  inc.,Massachusetts,Boston,https://nucareers.northeastern.edu/postings.htm?pId=1846920
Qa engineer co-op,Canary,New york,New york,https://nucareers.northeastern.edu/postings.htm?pId=1860350
Technology security co-op,Cengage,Massachusetts,Boston,https://nucareers.northeastern.edu/postings.htm?pId=1851909
Assistant environmental educator,Change is simple  inc.,Massachusetts,Beverly,https://nucareers.northeastern.edu/postings.htm?pId=1851526
Mayor's office constituent advocate - boston 311,City of boston,Massachusetts,Boston,https://nucareers.northeastern.edu/postings.htm?pId=1847361
Co-op data analyst,Clearedge partners,Massachusetts,E newton upper falls,https://nucareers.northeastern.edu/postings.htm?pId=1854156
Comcast reliability engineering business analytics co-op,Comcast corporation,Pennsylvania,Philadelphia,https://nucareers.northeastern.edu/postings.htm?pId=1856275
Regulatory specialist,Commonwealth of massachusetts,Massachusetts,Boston,https://nucareers.northeastern.edu/postings.htm?pId=1847458
Data analytics co-op,Commonwealth of massachusetts,Massachusetts,Boston,https://nucareers.northeastern.edu/postings.htm?pId=1845445
(global) systems co-op,Dyna segmen sdn bhd,Global ,Ampang,https://nucareers.northeastern.edu/postings.htm?pId=1847931
(ccis) full-stack developer co-op,Ellington management group  l.l.c.,Connecticut,Old greenwich,https://nucareers.northeastern.edu/postings.htm?pId=1860276
Business and technology operations coordinator,Eze software group,Massachusetts,Boston,https://nucareers.northeastern.edu/postings.htm?pId=1850699
Us army research support - chemical sensors,Government of the united states,Massachusetts,Natick,https://nucareers.northeastern.edu/postings.htm?pId=1858053
Audio visual/it support assistant,Harvard university,Massachusetts,Cambridge,https://nucareers.northeastern.edu/postings.htm?pId=1851397
Adaptive structures co-op,Hrl laboratories llc,California,Malibu,https://nucareers.northeastern.edu/postings.htm?pId=1847757
(ccis) software engineering co-op,Integrated computer solutions  inc.,Massachusetts,Waltham,https://nucareers.northeastern.edu/postings.htm?pId=1853447
Pmo reporting & control coordinator co-op,John hancock,Massachusetts,Boston,https://nucareers.northeastern.edu/postings.htm?pId=1859101
Asset allocation co-op,John hancock,Massachusetts,Boston,https://nucareers.northeastern.edu/postings.htm?pId=1857964
Derivatives solutions analyst co-op,John hancock,Massachusetts,Boston,https://nucareers.northeastern.edu/postings.htm?pId=1852376
(ccis) 2018 information technology co-op - various locations,Johnson & johnson,New jersey,New brunswick,https://nucareers.northeastern.edu/postings.htm?pId=1846916
Actuarial risk analyst,Marsh & mclennan companies  inc.,New york,New york,https://nucareers.northeastern.edu/postings.htm?pId=1856852
Harpoon marketing associate co-op,Mass. bay brewing company  inc.,Massachusetts,Boston,https://nucareers.northeastern.edu/postings.htm?pId=1860005
Chemical inventory technician,Massachusetts institute of technology,Massachusetts,Cambridge,https://nucareers.northeastern.edu/postings.htm?pId=1859432
Systems engineering co-op (req. 21664  grp 75),Mit lincoln laboratory,Massachusetts,Lexington,https://nucareers.northeastern.edu/postings.htm?pId=1857868
Plasma science co-op,Mks instruments  inc.,Massachusetts,Andover,https://nucareers.northeastern.edu/postings.htm?pId=1858292
Application support scientist,Mks instruments  inc.,Massachusetts,Andover,https://nucareers.northeastern.edu/postings.htm?pId=1858296
Cnbc intern program - fall 2018 internships,Nbc universal,New york,New york,https://nucareers.northeastern.edu/postings.htm?pId=1858840
(ccis) software engineer,Nest labs,California,Palo alto,https://nucareers.northeastern.edu/postings.htm?pId=1853809
Undergraduate academic advising co-op,Northeastern university,Massachusetts,Boston,https://nucareers.northeastern.edu/postings.htm?pId=1851253
Scheduling desk manager,Northeastern university,Massachusetts,Boston,https://nucareers.northeastern.edu/postings.htm?pId=1847360
Research assistant,Northeastern university,Massachusetts,Boston,https://nucareers.northeastern.edu/postings.htm?pId=1851829
(ccis) computer vision engineer,Oculii corp.,Ohio,Beavercreek,https://nucareers.northeastern.edu/postings.htm?pId=1855103
(ccis) application software developer,Oculii corp.,Ohio,Beavercreek,https://nucareers.northeastern.edu/postings.htm?pId=1855208
Chemist co-op in r&d for contraband detection,Osi systems,Massachusetts,Andover,https://nucareers.northeastern.edu/postings.htm?pId=1854931
(ccis) forward deployed software engineer in dc,Palantir technologies inc.,District of columbia,Washington,https://nucareers.northeastern.edu/postings.htm?pId=1857125
Clinical marketing research intern,Philips,Massachusetts,Boston,https://nucareers.northeastern.edu/postings.htm?pId=1856553
Apprentice engineer / physicist,Photo diagnostic systems  inc.,Massachusetts,Boxborough,https://nucareers.northeastern.edu/postings.htm?pId=1854157
Engineering co-op,Physical sciences inc.,Massachusetts,Andover,https://nucareers.northeastern.edu/postings.htm?pId=1850518
(global ccis) back-end & java development intern,Planet expat,Global ,Santiago,https://nucareers.northeastern.edu/postings.htm?pId=1850653
(global ccis) mobile development intern,Planet expat,Global ,Rome,https://nucareers.northeastern.edu/postings.htm?pId=1850654
Teaching fellow,Project rousseau,New york,Nyc,https://nucareers.northeastern.edu/postings.htm?pId=1847061
Customer success co-op,Rapidminer,Massachusetts,Boston,https://nucareers.northeastern.edu/postings.htm?pId=1859855
(ccis global) software engineering intern,Rapyuta robotics,Global ,Bengaluru,https://nucareers.northeastern.edu/postings.htm?pId=1860297
Junior consultant,Roland berger llc,Massachusetts,Boston,https://nucareers.northeastern.edu/postings.htm?pId=1851262
(global) rural development & innovation africa co-op,Sanergy,Global ,Nairobi,https://nucareers.northeastern.edu/postings.htm?pId=1847949
(ccis) machine learning co-op - start up,Suspect technologies,Massachusetts,Cambridge,https://nucareers.northeastern.edu/postings.htm?pId=1850870
(ccis) technical writer internship,Tesla  inc.,California,Palo alto,https://nucareers.northeastern.edu/postings.htm?pId=1860364
(global) engineering & business co-op,The procter & gamble company,Global ,Schwalbach am taunus,https://nucareers.northeastern.edu/postings.htm?pId=1851586
(ccis) tjx it business analyst co-op,The tjx companies inc.,Massachusetts,Marlborough,https://nucareers.northeastern.edu/postings.htm?pId=1850612
(ccis) tjx it engineering co-op,The tjx companies inc.,Massachusetts,Marlborough,https://nucareers.northeastern.edu/postings.htm?pId=1850608
Mobile platform server-engineering intern,Time warner inc.,Massachusetts,Needham,https://nucareers.northeastern.edu/postings.htm?pId=1858837
It co-op,Wayfair llc,Massachusetts,Boston,https://nucareers.northeastern.edu/postings.htm?pId=1856357
Merchandising data science project management co-op,Wayfair llc,Massachusetts,Boston,https://nucareers.northeastern.edu/postings.htm?pId=1859375
Embedded software engineer,Abbott/st. jude medical/thoratec,Massachusetts,Burlington,https://nucareers.northeastern.edu/postings.htm?pId=1856880
Academic research co-op(multidisciplinary),Abiomed  inc.,Massachusetts,Danvers,https://nucareers.northeastern.edu/postings.htm?pId=1854589
Academic research co-op,Abiomed  inc.,Massachusetts,Danvers,https://nucareers.northeastern.edu/postings.htm?pId=1855480
Toronto co-ops,Academic internship council - agency,Global ,Toronto,https://nucareers.northeastern.edu/postings.htm?pId=1851611
International intern - spain - 6 month,Adelante abroad - agency,Global ,Madrid,https://nucareers.northeastern.edu/postings.htm?pId=1855191
Marketing and sales co-op,Adeo health science,Massachusetts,Boston,https://nucareers.northeastern.edu/postings.htm?pId=1856055
Digital marketing and customer success co-op,Adeo health science,Massachusetts,Boston,https://nucareers.northeastern.edu/postings.htm?pId=1852467
Merchandise co-op,Advoc8,District of columbia,Washington,https://nucareers.northeastern.edu/postings.htm?pId=1846742
(ccis) value added services internship,Affirmed networks  inc.,Massachusetts,Acton,https://nucareers.northeastern.edu/postings.htm?pId=1851562
(ccis) emerging technology,Ahold delhaize,Massachusetts,Quincy,https://nucareers.northeastern.edu/postings.htm?pId=1854411
(ccis) ux/ui designer,Ahold delhaize,Massachusetts,Quincy,https://nucareers.northeastern.edu/postings.htm?pId=1854437
(ccis) business intelligence developer,Ahold delhaize,Massachusetts,Quincy,https://nucareers.northeastern.edu/postings.htm?pId=1853921
(ccis) data scientist,Ahold delhaize,Massachusetts,Quincy,https://nucareers.northeastern.edu/postings.htm?pId=1853922
(ccis) front-end developer,Ahold delhaize,Massachusetts,Quincy,https://nucareers.northeastern.edu/postings.htm?pId=1853923
(ccis) front end developer,Ahold usa / retail business services llc,Massachusetts,Quincy,https://nucareers.northeastern.edu/postings.htm?pId=1850864
Global resiliency co-op,Air worldwide,Massachusetts,Boston,https://nucareers.northeastern.edu/postings.htm?pId=1858767
(global) aerospace co-ops,Airbus france,Global ,Toulouse,https://nucareers.northeastern.edu/postings.htm?pId=1848180
Systems analyst,Amazon.com  inc.,Massachusetts,North reading,https://nucareers.northeastern.edu/postings.htm?pId=1858836
Mechatronics co-op,Amazon.com  inc.,Massachusetts,North reading,https://nucareers.northeastern.edu/postings.htm?pId=1847494
Technical writer,Amazon.com  inc.,Massachusetts,North reading,https://nucareers.northeastern.edu/postings.htm?pId=1854808
(ccis) software development engineer,Amazon.com  inc.,Washington,Seattle,https://nucareers.northeastern.edu/postings.htm?pId=1852027
Co-op engineer fall 2018,Amd (advanced micro devices),Massachusetts,Boxborough,https://nucareers.northeastern.edu/postings.htm?pId=1842685
(ccis) ils (insurance linked securities) co-op,Amundi pioneer asset management usa  inc,Massachusetts,Boston,https://nucareers.northeastern.edu/postings.htm?pId=1859272
Satellite operations engineer - coop,Analytical space,Massachusetts,Cambridge,https://nucareers.northeastern.edu/postings.htm?pId=1847119
(ccis) it support co-op,Anaqua,Massachusetts,Boston,https://nucareers.northeastern.edu/postings.htm?pId=1858712
Editorial assistant/project management,Aptara  inc.,Massachusetts,Newton,https://nucareers.northeastern.edu/postings.htm?pId=1846727
Engineering co-op,Armenian volunteer corps & birthright armenia,Global ,Yerevan,https://nucareers.northeastern.edu/postings.htm?pId=1854050
Computer science co-op,Armenian volunteer corps & birthright armenia,Global ,Yerevan,https://nucareers.northeastern.edu/postings.htm?pId=1854058
Videography/photography co-op,Armenian volunteer corps & birthright armenia,Global ,Yerevan,https://nucareers.northeastern.edu/postings.htm?pId=1854056
Global venture and fellowship/changemakers & bootcamp product,Ashoka: innovators for the public,District of columbia,Arlington,https://nucareers.northeastern.edu/postings.htm?pId=1845437
Ashoka mexico - venture & fellowship program intern,Ashoka,Global ,Mexico city  df,https://nucareers.northeastern.edu/postings.htm?pId=1845464
Ashoka indonesia - intern,Ashoka,Global ,Singapore,https://nucareers.northeastern.edu/postings.htm?pId=1845466
Ashoka switzerland - intern,Ashoka,Global ,Geneve,https://nucareers.northeastern.edu/postings.htm?pId=1845467
(ccis) c# developer intern - salem  ma,Assemble systems  llc,Massachusetts,Salem,https://nucareers.northeastern.edu/postings.htm?pId=1851350
(ccis) c# developer intern - houston  tx,Assemble systems  llc,Texas,Houston,https://nucareers.northeastern.edu/postings.htm?pId=1851352
(ccis) digital forensic intern,Attorney general  massachusetts,Massachusetts,Boston,https://nucareers.northeastern.edu/postings.htm?pId=1847981
(ccis) intern  recombinant qa engineer,Autodesk  inc.,Massachusetts,Boston,https://nucareers.northeastern.edu/postings.htm?pId=1859080
(ccis) intern  goldmine software engineer,Autodesk  inc.,Massachusetts,Boston,https://nucareers.northeastern.edu/postings.htm?pId=1859086
(ccis) intern web software engineer,Autodesk  inc.,Massachusetts,Boston,https://nucareers.northeastern.edu/postings.htm?pId=1858009
(ccis) intern  software development,Autodesk  inc.,Massachusetts,Boston,https://nucareers.northeastern.edu/postings.htm?pId=1859536
(ccis) intern  quality assurance,Autodesk  inc.,Massachusetts,Boston,https://nucareers.northeastern.edu/postings.htm?pId=1859545
Software engineer  data science co-op,Avigilon corporation,Massachusetts,Somerville,https://nucareers.northeastern.edu/postings.htm?pId=1856522
Test engineering,Axcelis technologies  inc.,Massachusetts,Beverly,https://nucareers.northeastern.edu/postings.htm?pId=1856428
(global) innovation programs manager,Babele,Global ,Bucuresti,https://nucareers.northeastern.edu/postings.htm?pId=1851106
(ccis) developer co-op  baseball systems,Baltimore orioles,Maryland,Baltimore,https://nucareers.northeastern.edu/postings.htm?pId=1851543
(ccis) data quality analyst intern,Barton & associates  inc.,Massachusetts,Peabody,https://nucareers.northeastern.edu/postings.htm?pId=1847991
(ccis) software developers - text analytics,Basis technology corporation,Massachusetts,Cambridge,https://nucareers.northeastern.edu/postings.htm?pId=1858789
Business analyst intern,Beacon health options,Massachusetts,Boston,https://nucareers.northeastern.edu/postings.htm?pId=1846015
Co-op: it internal audit,Biogen inc.,Massachusetts,Cambridge,https://nucareers.northeastern.edu/postings.htm?pId=1855818
Co-op - image analysis,Biogen inc.,Massachusetts,Cambridge,https://nucareers.northeastern.edu/postings.htm?pId=1859731
Intern  sw development,Biosensics llc,Massachusetts,Watertown,https://nucareers.northeastern.edu/postings.htm?pId=1854744
Intern  sw development,Biosensics llc,Massachusetts,Watertown,https://nucareers.northeastern.edu/postings.htm?pId=1854751
(ccis) product co-op,Bluewave solar,Massachusetts,Boston,https://nucareers.northeastern.edu/postings.htm?pId=1858350
Product management co-op,Bny mellon,Massachusetts,Boston,https://nucareers.northeastern.edu/postings.htm?pId=1859836
Global training software developer co-op,Bose corporation,Massachusetts,Stow,https://nucareers.northeastern.edu/postings.htm?pId=1859311
Software development co-op,Bose corporation,Massachusetts,Stow,https://nucareers.northeastern.edu/postings.htm?pId=1855704
Audio systems engineer,Bose corporation,Massachusetts,Framingham,https://nucareers.northeastern.edu/postings.htm?pId=1855688
Project management co-op,Bose corporation,Massachusetts,Boston,https://nucareers.northeastern.edu/postings.htm?pId=1855693
Cloud product services co-op,Bose corporation,Massachusetts,Framingham,https://nucareers.northeastern.edu/postings.htm?pId=1855500
Research assistant,Boston childrens hospital,Massachusetts,Boston,https://nucareers.northeastern.edu/postings.htm?pId=1856791
(ccis) qa to full stack ruby on rails developer,Boston common press limited partnership,Massachusetts,Boston,https://nucareers.northeastern.edu/postings.htm?pId=1856835
Software engineering co-op product development,Boston engineering corporation,Massachusetts,Waltham,https://nucareers.northeastern.edu/postings.htm?pId=1853473
(ccis) .net development co-op,Boston interactive,Massachusetts,Charlestown,https://nucareers.northeastern.edu/postings.htm?pId=1858216
(ccis) front end development co-op,Boston interactive,Massachusetts,Charlestown,https://nucareers.northeastern.edu/postings.htm?pId=1858214
User experience co-op,Boston interactive,Massachusetts,Charlestown,https://nucareers.northeastern.edu/postings.htm?pId=1858219
Operations associate,Boston private financial holdings  inc.,Massachusetts,Boston,https://nucareers.northeastern.edu/postings.htm?pId=1854925
Research specialist,Boston public schools,Massachusetts,Boston,https://nucareers.northeastern.edu/postings.htm?pId=1851656
(ccis) innovation software developer,Bottomline technologies,New hampshire,Portsmouth,https://nucareers.northeastern.edu/postings.htm?pId=1851342
(ccis) software engineer in test co-op,Brightcove inc.,Massachusetts,Boston,https://nucareers.northeastern.edu/postings.htm?pId=1854259
(ccis) information security analyst,Brightcove inc.,Massachusetts,Boston,https://nucareers.northeastern.edu/postings.htm?pId=1856394
(ccis) software engineering co-op,Broad institute of mit and harvard,Massachusetts,Cambridge,https://nucareers.northeastern.edu/postings.htm?pId=1847988
(ccis) software engineer - macarthur lab,Broad institute,Massachusetts,Cambridge,https://nucareers.northeastern.edu/postings.htm?pId=1856471
Client services co-op,Broadridge financial solutions  inc.,Massachusetts,Boston,https://nucareers.northeastern.edu/postings.htm?pId=1850877
(ccis) software development co-op,Broadridge financial solutions  inc.,Massachusetts,Edgewood,https://nucareers.northeastern.edu/postings.htm?pId=1856673
Technology department development  education with underserved populations,Buena onda,Global ,Antigua,https://nucareers.northeastern.edu/postings.htm?pId=1858548
Co-op - human factors engineer,Cambridge consultants,Massachusetts,Boston,https://nucareers.northeastern.edu/postings.htm?pId=1855843
Software engineer - developer  endpoint,Carbonite inc,Massachusetts,Boston,https://nucareers.northeastern.edu/postings.htm?pId=1858010
Software engineer - developer  saas,Carbonite inc,Massachusetts,Boston,https://nucareers.northeastern.edu/postings.htm?pId=1856838
Software engineer co-op,Cargurus,Massachusetts,Cambridge,https://nucareers.northeastern.edu/postings.htm?pId=1850898
Co-op  algorithmic traffic acquisition,Cargurus,Massachusetts,Cambridge,https://nucareers.northeastern.edu/postings.htm?pId=1846161
(ccis) saas operations engineer coop,Charles river development  inc.,Massachusetts,Burlington,https://nucareers.northeastern.edu/postings.htm?pId=1847437
(ccis) associate fix analyst,Charles river development  inc.,Massachusetts,Burlington,https://nucareers.northeastern.edu/postings.htm?pId=1847434
(ccis) it associate,Charles river development  inc.,Massachusetts,Burlington,https://nucareers.northeastern.edu/postings.htm?pId=1847436
(ccis) software engineer,Charles river development  inc.,Massachusetts,Burlington,https://nucareers.northeastern.edu/postings.htm?pId=1847428
(ccis) it information security & compliance co-op,Charles river laboratories international  inc.,Massachusetts,Wilmington,https://nucareers.northeastern.edu/postings.htm?pId=1860382
Software developer co-op,Chirp microsystems,California,Berkeley,https://nucareers.northeastern.edu/postings.htm?pId=1856942
(ccis) software developer co-op,Choate  hall & stewart llp,Massachusetts,Boston,https://nucareers.northeastern.edu/postings.htm?pId=1859338
Human resources co-op,Choate  hall & stewart llp,Massachusetts,Boston,https://nucareers.northeastern.edu/postings.htm?pId=1859696
Patent & intellectual property co-op,Choate  hall & stewart llp,Massachusetts,Boston,https://nucareers.northeastern.edu/postings.htm?pId=1859697
(ccis) information technology co-op,Cigna corporation,Connecticut,Hartford,https://nucareers.northeastern.edu/postings.htm?pId=1852941
Public safty it intern,City of cambridge,Massachusetts,Cambridge,https://nucareers.northeastern.edu/postings.htm?pId=1853875
(ccis) data analyst / architect,Clear brook advisors,Massachusetts,Boston,https://nucareers.northeastern.edu/postings.htm?pId=1856933
(ccis) business intelligence analyst co-op,Cloudhealth technologies,Massachusetts,Boston,https://nucareers.northeastern.edu/postings.htm?pId=1855119
(ccis) software engineer intern,Cloudhealth technologies,Massachusetts,Boston,https://nucareers.northeastern.edu/postings.htm?pId=1855050
(ccis) software engineering intern,Coinbase,California,San francisco,https://nucareers.northeastern.edu/postings.htm?pId=1857789
Technology assistant  information technology division,Commonwealth of massachusetts,Massachusetts,Boston,https://nucareers.northeastern.edu/postings.htm?pId=1854214
Ece co-op,Confer,Massachusetts,Charlestown,https://nucareers.northeastern.edu/postings.htm?pId=1853936
(ccis) software engineer co-op - cloud platform,Covered security  inc.,Massachusetts,Boston,https://nucareers.northeastern.edu/postings.htm?pId=1846630
(ccis) startup mobile app developer,Crew by true rowing,Massachusetts,Cambridge,https://nucareers.northeastern.edu/postings.htm?pId=1846476
(ccis) software engineering co-op,Curriculum associates  llc,Massachusetts,North billerica,https://nucareers.northeastern.edu/postings.htm?pId=1859610
Demand generation/inbound marketing specialist co-op,Cybereason,Massachusetts,Boston,https://nucareers.northeastern.edu/postings.htm?pId=1854874
Bioinformatics intern,Dana farber cancer institute  inc.,Massachusetts,Boston,https://nucareers.northeastern.edu/postings.htm?pId=1854854
(ccis) darpa research cloud co-op,Data machines corp.,Virginia,Ashburn,https://nucareers.northeastern.edu/postings.htm?pId=1856801
Marketing intern,Datacamp inc,New york,New york,https://nucareers.northeastern.edu/postings.htm?pId=1857065
(ccis) software engineer intern- apm team,Datadog,New york,New york,https://nucareers.northeastern.edu/postings.htm?pId=1851181
(ccis) software engineer intern - metrics intake team,Datadog,New york,New york,https://nucareers.northeastern.edu/postings.htm?pId=1851186
(ccis) software engineer intern - metrics query team,Datadog,New york,New york,https://nucareers.northeastern.edu/postings.htm?pId=1851209
(ccis) software engineer intern - metering and billing,Datadog,New york,New york,https://nucareers.northeastern.edu/postings.htm?pId=1851232
Global operations supplier process undergraduate engineer co-op,Dell,Massachusetts,Franklin,https://nucareers.northeastern.edu/postings.htm?pId=1851514
Firmware co-op,Desktopmetal inc.,Massachusetts,Burlington,https://nucareers.northeastern.edu/postings.htm?pId=1856726
Mechatronics co-op,Desktopmetal inc.,Massachusetts,Burlington,https://nucareers.northeastern.edu/postings.htm?pId=1856730
2d/3d software development co-op,Desktopmetal inc.,Massachusetts,Burlington,https://nucareers.northeastern.edu/postings.htm?pId=1858649
Application engineer,Desktopmetal inc.,Massachusetts,Burlington,https://nucareers.northeastern.edu/postings.htm?pId=1857955
Assistant teacher  devotion school,Devotion after school enrichment program,Massachusetts,Brookline,https://nucareers.northeastern.edu/postings.htm?pId=1851671
Multi-metal 3d printing software co-op,Digital alloys,Massachusetts,Burlington,https://nucareers.northeastern.edu/postings.htm?pId=1850779
(ccis) solution quality assurance intern,Dimensional insight incorporated,Massachusetts,Burlington,https://nucareers.northeastern.edu/postings.htm?pId=1856070
Software engineer co-op aka hacker fellow,Drafted,Massachusetts,Cambridge,https://nucareers.northeastern.edu/postings.htm?pId=1850469
Co-op color and image scientist/engineer,E ink holdings inc.,Massachusetts,Billerica,https://nucareers.northeastern.edu/postings.htm?pId=1859572
(ccis) co-op software engineer/image scientist,E ink holdings inc.,Massachusetts,Billerica,https://nucareers.northeastern.edu/postings.htm?pId=1854503
(ccis) co-op software engineering,E ink holdings inc.,Massachusetts,Billerica,https://nucareers.northeastern.edu/postings.htm?pId=1854509
Electrical engineer / physics co-op,E ink holdings inc.,Massachusetts,Billerica,https://nucareers.northeastern.edu/postings.htm?pId=1852030
(ccis) full stack developer,Eagle investments llc,Massachusetts,Wellesley,https://nucareers.northeastern.edu/postings.htm?pId=1855135
(ccis) devops/systems admin/data co-op,Eagle investments llc,Massachusetts,Wellesley,https://nucareers.northeastern.edu/postings.htm?pId=1855138
(ccis) software engineer,Eagle investments llc,Massachusetts,Wellesley,https://nucareers.northeastern.edu/postings.htm?pId=1855141
(ccis) full stack developer - office of the cto,Eagle investments llc,Massachusetts,Wellesley,https://nucareers.northeastern.edu/postings.htm?pId=1855145
(ccis) data analyst co-op,Eaton vance corp,Massachusetts,Boston,https://nucareers.northeastern.edu/postings.htm?pId=1858329
(ccis global) developer trainee,Ecobank,Global ,Accra,https://nucareers.northeastern.edu/postings.htm?pId=1855931
(ccis) technology co-op,Edgewise networks,Massachusetts,Burlington,https://nucareers.northeastern.edu/postings.htm?pId=1859843
(ccis) developer co-op,Ef education first,Massachusetts,Cambridge,https://nucareers.northeastern.edu/postings.htm?pId=1858660
Utility operations intern,Enernoc,Massachusetts,Boston,https://nucareers.northeastern.edu/postings.htm?pId=1855822
Demand response operations,Enernoc,Massachusetts,Boston,https://nucareers.northeastern.edu/postings.htm?pId=1855824
Data operations co-op,Enernoc,Massachusetts,Boston,https://nucareers.northeastern.edu/postings.htm?pId=1851556
Energy markets co-op,Enernoc,Massachusetts,Boston,https://nucareers.northeastern.edu/postings.htm?pId=1851559
(ccis) project software test engineer co-op,Ert corporation,Massachusetts,Charlestown,https://nucareers.northeastern.edu/postings.htm?pId=1859483
Energy efficiency contracts/supply chain management co-op,Eversource energy,Massachusetts,Westwood,https://nucareers.northeastern.edu/postings.htm?pId=1855769
(ccis) mobile development co-op,Evertrue  inc.,Massachusetts,Boston,https://nucareers.northeastern.edu/postings.htm?pId=1856168
(ccis) quality assurance co-op,Eze software group,Massachusetts,Boston,https://nucareers.northeastern.edu/postings.htm?pId=1847769
(ccis) population health and it associate,Family doctors  llc,Massachusetts,Swampscott,https://nucareers.northeastern.edu/postings.htm?pId=1858183
(ccis) bts client services co-op,Federal reserve bank of boston,Massachusetts,Boston,https://nucareers.northeastern.edu/postings.htm?pId=1856455
Energy software engineering co-op,Firstfuel software  inc,Massachusetts,Lexington,https://nucareers.northeastern.edu/postings.htm?pId=1851102
Software engineer coop,Firstlight biosciences,Massachusetts,Bedford,https://nucareers.northeastern.edu/postings.htm?pId=1855729
(ccis) software engineer,Fluid-screen  inc.,Massachusetts,Cambridge,https://nucareers.northeastern.edu/postings.htm?pId=1853816
Operations co-op,Focal systems,California,Millbrae,https://nucareers.northeastern.edu/postings.htm?pId=1856110
(ccis) web developer co-op,Formlabs inc.,Massachusetts,Somerville,https://nucareers.northeastern.edu/postings.htm?pId=1847406
Desktop software engineer,Formlabs inc.,Massachusetts,Somerville,https://nucareers.northeastern.edu/postings.htm?pId=1856886
(ccis) software engineer,Forward financing,Massachusetts,Boston,https://nucareers.northeastern.edu/postings.htm?pId=1853855
E-gaming co-op,Geovisions-agency,Global ,Malta,https://nucareers.northeastern.edu/postings.htm?pId=1852742
(ccis) software dev/research co-op,Government of the united states,California,Pasadina,https://nucareers.northeastern.edu/postings.htm?pId=1854478
Computer science/computer engineering co-op,Government of the united states,New york state,Rome,https://nucareers.northeastern.edu/postings.htm?pId=1855184
(ccis) computer science co-op,Government of the united states,New york state,Rome,https://nucareers.northeastern.edu/postings.htm?pId=1855185
Financial and impact analysis co-op,Grameen america  inc.,New york,New york,https://nucareers.northeastern.edu/postings.htm?pId=1860236
(ccis) developer in test,Grantham  mayo  van otterloo & co  llc,Massachusetts,Boston,https://nucareers.northeastern.edu/postings.htm?pId=1852899
(ccis) front office systems developer co-op,Grantham  mayo  van otterloo & co  llc,Massachusetts,Boston,https://nucareers.northeastern.edu/postings.htm?pId=1851875
(ccis) business systems/quality assurance analyst co-op,Grantham  mayo  van otterloo & co  llc,Massachusetts,Boston,https://nucareers.northeastern.edu/postings.htm?pId=1851879
(ccis) development operations (devops) engineer co-op,Grantham  mayo  van otterloo & co  llc,Massachusetts,Boston,https://nucareers.northeastern.edu/postings.htm?pId=1851888
(ccis) jr. it help analyst,Harvard business publishing,Massachusetts,Boston,https://nucareers.northeastern.edu/postings.htm?pId=1858139
(ccis) web technologist,Harvard university,Massachusetts,Cambridge,https://nucareers.northeastern.edu/postings.htm?pId=1856122
Technical support analyst,Harvard university,Massachusetts,Cambridge,https://nucareers.northeastern.edu/postings.htm?pId=1857048
Research technician (lee),Harvard university,Massachusetts,Boston,https://nucareers.northeastern.edu/postings.htm?pId=1852734
(ccis) user services intern,Harvard university,Massachusetts,Boston,https://nucareers.northeastern.edu/postings.htm?pId=1847869
Developer / analyst,Hebrew rehabilitation center,Massachusetts,Roslindale,https://nucareers.northeastern.edu/postings.htm?pId=1856720
Informatics co-op,Hebrew rehabilitation center,Massachusetts,Boston,https://nucareers.northeastern.edu/postings.htm?pId=1851913
Engineering & operations co-op,Henkel ag & co. kgaa,New hampshire,Seabrook,https://nucareers.northeastern.edu/postings.htm?pId=1857109
(ccis) software engineer blockchain/crypto (sf vr startup),High fidelity,California,San francisco,https://nucareers.northeastern.edu/postings.htm?pId=1856516
Investment operations co-op,High vista strategies llc,Massachusetts,Boston,https://nucareers.northeastern.edu/postings.htm?pId=1860296
It co op,Highres biosolutions  inc.,Massachusetts,Beverly,https://nucareers.northeastern.edu/postings.htm?pId=1860010
Electrical/software engineering co-op (mcu),Hill-rom holdings  inc.,Massachusetts,Acton,https://nucareers.northeastern.edu/postings.htm?pId=1858535
(ccis) co-op  software engineering,Hologic  inc.,Massachusetts,Marlborough,https://nucareers.northeastern.edu/postings.htm?pId=1850896
(ccis global) digital analytics consultant,Hub'sales,Global ,Paris,https://nucareers.northeastern.edu/postings.htm?pId=1851860
(global) computer science co-ops,Iaeste- agency,Global ,Sao paulo,https://nucareers.northeastern.edu/postings.htm?pId=1850665
Information architect/user experience designer,Ifactory inc.,Massachusetts,Boston,https://nucareers.northeastern.edu/postings.htm?pId=1854902
(ccis) software engineering co-op,Imprivata  inc.,Massachusetts,Lexington,https://nucareers.northeastern.edu/postings.htm?pId=1856286
Algorithms & machine learning engineer co-op,Intel corporation,California,San francisco,https://nucareers.northeastern.edu/postings.htm?pId=1854577
Information technology internships,Internships down under - agency,Global ,Bondie junction,https://nucareers.northeastern.edu/postings.htm?pId=1851604
(ccis) software developer intern,Iquartic,Massachusetts,Boston,https://nucareers.northeastern.edu/postings.htm?pId=1856818
Embedded software co-op,Irhythm technologies,California,San francisco,https://nucareers.northeastern.edu/postings.htm?pId=1855312
Learning exchange program assistant,Irish international immigrant center inc,Massachusetts,Boston,https://nucareers.northeastern.edu/postings.htm?pId=1846797
(ccis) robotics engineering intern - computer software,Irobot,Massachusetts,Bedford,https://nucareers.northeastern.edu/postings.htm?pId=1852017
(ccis) data science intern,Irobot,Massachusetts,Bedford,https://nucareers.northeastern.edu/postings.htm?pId=1852024
Data analyst intern,Irobot,Massachusetts,Bedford,https://nucareers.northeastern.edu/postings.htm?pId=1852052
It support/helpdesk co-op,J.c. cannistraro  llc,Massachusetts,Watertown,https://nucareers.northeastern.edu/postings.htm?pId=1859158
(ccis) software developer co-op,Jane street holding  llc,New york,New york,https://nucareers.northeastern.edu/postings.htm?pId=1847796
Sales and marketing intern,Jedox inc.,Massachusetts,Boston,https://nucareers.northeastern.edu/postings.htm?pId=1850507
(ccis) visiting software engineer co-op - 1800376,John hancock,Massachusetts,Boston,https://nucareers.northeastern.edu/postings.htm?pId=1855094
Visiting product manager co-op - 1800611,John hancock,Massachusetts,Boston,https://nucareers.northeastern.edu/postings.htm?pId=1848318
Business analyst co-op - 1800610,John hancock,Massachusetts,Boston,https://nucareers.northeastern.edu/postings.htm?pId=1848322
Investment operations communication/client service co-op,John hancock,Massachusetts,Boston,https://nucareers.northeastern.edu/postings.htm?pId=1848332
Business systems analyst co-op - 1800698,John hancock,Massachusetts,Boston,https://nucareers.northeastern.edu/postings.htm?pId=1856376
Business analyst co-op care group policy administration system (july-december 2018)-boston  ma-1800922,John hancock,Massachusetts,Boston,https://nucareers.northeastern.edu/postings.htm?pId=1850795
Collateral management analyst co-op,John hancock,Massachusetts,Boston,https://nucareers.northeastern.edu/postings.htm?pId=1852374
Business analyst co-op  retirement planning service (rps) division -july-december 2018-boston  ma-1800983,John hancock,Massachusetts,Boston,https://nucareers.northeastern.edu/postings.htm?pId=1850903
Customer integration representative co-op,John hancock,Massachusetts,Boston,https://nucareers.northeastern.edu/postings.htm?pId=1857966
Compliance analyst co-op,John hancock,Massachusetts,Boston,https://nucareers.northeastern.edu/postings.htm?pId=1852378
Business analyst co-op - 1800324,John hancock,Massachusetts,Boston,https://nucareers.northeastern.edu/postings.htm?pId=1855088
Project coordinator  real estate transformation co-op- (july-december 2018) - boston  ma-1800743,John hancock,Massachusetts,Boston,https://nucareers.northeastern.edu/postings.htm?pId=1850640
(ccis) business intelligence analyst co-op (july-december 2018) boston  ma-1800745,John hancock,Massachusetts,Boston,https://nucareers.northeastern.edu/postings.htm?pId=1850643
(ccis) software engineer - global solutions delivery co-op - 1800748,John hancock,Massachusetts,Boston,https://nucareers.northeastern.edu/postings.htm?pId=1850645
(ccis) data science/advanced analytics co-op july to december 2018- boston  ma-1800722,John hancock,Massachusetts,Boston,https://nucareers.northeastern.edu/postings.htm?pId=1850647
(ccis) network analyst co-op - boston,John hancock,Massachusetts,Boston,https://nucareers.northeastern.edu/postings.htm?pId=1858870
(ccis) computational biology co-op,Kaleido biosciences  inc,Massachusetts,Bedford,https://nucareers.northeastern.edu/postings.htm?pId=1857176
Core research technologies- lims co-op,Kaleido biosciences  inc,Massachusetts,Bedford,https://nucareers.northeastern.edu/postings.htm?pId=1855064
(ccis) financial process and system co-op,Karyopharm therapeutics,Massachusetts,Newton,https://nucareers.northeastern.edu/postings.htm?pId=1859118
(ccis global) it engineering intern,Kk vesper,Global ,Tokyo,https://nucareers.northeastern.edu/postings.htm?pId=1851862
(ccis) software engineering co-op,Kleermail,Massachusetts,Boston,https://nucareers.northeastern.edu/postings.htm?pId=1856248
Research associate - computational biology,Ksq therapeutics  inc.,Massachusetts,Cambridge,https://nucareers.northeastern.edu/postings.htm?pId=1856066
(ccis) qa co-op,Kuebix,Massachusetts,Maynard,https://nucareers.northeastern.edu/postings.htm?pId=1859087
(ccis) software development co-op,Kuebix,Massachusetts,Maynard,https://nucareers.northeastern.edu/postings.htm?pId=1859090
Digital media,Kyc-chain,Global ,Chiang mai,https://nucareers.northeastern.edu/postings.htm?pId=1854095
Accountant co-op,Kyruus incorporated,Massachusetts,Boston,https://nucareers.northeastern.edu/postings.htm?pId=1859700
Systems engineer,L3 technologies,Massachusetts,Wilmington,https://nucareers.northeastern.edu/postings.htm?pId=1853957
(ccis) software developer (ruby on rails  ios  and android),Launchbyte.io,Massachusetts,Boston,https://nucareers.northeastern.edu/postings.htm?pId=1848088
(ccis) software engineer co-op,Learnable  inc.,Massachusetts,Boston,https://nucareers.northeastern.edu/postings.htm?pId=1852881
(ccis) machine learning engineer co-op,Learnable  inc.,Massachusetts,Boston,https://nucareers.northeastern.edu/postings.htm?pId=1852883
(ccis) data scientist co-op,Learnable  inc.,Massachusetts,Boston,https://nucareers.northeastern.edu/postings.htm?pId=1852630
Account team co-op (boston),Legendary pictures applied analytics,Massachusetts,Boston,https://nucareers.northeastern.edu/postings.htm?pId=1851507
Account team co-op (la),Legendary pictures applied analytics,California,Los angeles,https://nucareers.northeastern.edu/postings.htm?pId=1851508
Co-op,Localaventura,Global ,Mexico city,https://nucareers.northeastern.edu/postings.htm?pId=1854097
Risk analyst,Masa israel - agency,Global ,Tel aviv,https://nucareers.northeastern.edu/postings.htm?pId=1847509
(ccis global) computer science co-ops,Masa israel - agency,Global ,Tel aviv,https://nucareers.northeastern.edu/postings.htm?pId=1847530
Hardware engineer,Masa israel - agency,Global ,Tel aviv,https://nucareers.northeastern.edu/postings.htm?pId=1847551
Anti-fraud analyst,Masa israel - agency,Global ,Tel aviv,https://nucareers.northeastern.edu/postings.htm?pId=1847554
Business development  anti-fraud and cybercrime,Masa israel - agency,Global ,Tel aviv,https://nucareers.northeastern.edu/postings.htm?pId=1847560
Industrial security co-op student (req 10801),Massachusetts institute of technology,Massachusetts,Lexington,https://nucareers.northeastern.edu/postings.htm?pId=1850544
Math instructor or marketing/business student,Mathnasium,Massachusetts,Cohasset,https://nucareers.northeastern.edu/postings.htm?pId=1851644
(ccis) front-end developer co-op,Mavrck,Massachusetts,Boston,https://nucareers.northeastern.edu/postings.htm?pId=1851333
Capture analyst,Maximus  inc.,Massachusetts,Boston,https://nucareers.northeastern.edu/postings.htm?pId=1851996
(ccis) it application developer,Mcphs university,Massachusetts,Boston,https://nucareers.northeastern.edu/postings.htm?pId=1852602
(ccis) co-op programmer,Medical information technology  inc.,Massachusetts,Foxborough,https://nucareers.northeastern.edu/postings.htm?pId=1855563
Software developer in test,Medtronic,Massachusetts,Boston,https://nucareers.northeastern.edu/postings.htm?pId=1855816
Research co-op,Menon laboratories  inc.,Massachusetts,Somerville,https://nucareers.northeastern.edu/postings.htm?pId=1854476
Computational/biology co-op,Merck kgaa,Massachusetts,Billerica,https://nucareers.northeastern.edu/postings.htm?pId=1858866
Enterprise architecture co-op,Mfs investment management,Massachusetts,Boston,https://nucareers.northeastern.edu/postings.htm?pId=1852852
Enterprise information management co-op,Mfs investment management,Massachusetts,Boston,https://nucareers.northeastern.edu/postings.htm?pId=1851027
Enterprise data services business systems analyst co-op,Mfs investment management,Massachusetts,Boston,https://nucareers.northeastern.edu/postings.htm?pId=1851029
Financial systems administrator co-op,Mfs investment management,Massachusetts,Boston,https://nucareers.northeastern.edu/postings.htm?pId=1851716
Sales system application support co-op,Mfs investment management,Massachusetts,Boston,https://nucareers.northeastern.edu/postings.htm?pId=1851727
Qa automation co-op,Mfs investment management,Massachusetts,Boston,https://nucareers.northeastern.edu/postings.htm?pId=1851729
Actuarial intern,Milliman,Massachusetts,Wakefield,https://nucareers.northeastern.edu/postings.htm?pId=1847072
(ccis) it co-op student req 19881  grp 101,Mit lincoln laboratory,Massachusetts,Lexington,https://nucareers.northeastern.edu/postings.htm?pId=1854316
Co-op software development  18571  grp 102,Mit lincoln laboratory,Massachusetts,Lexington,https://nucareers.northeastern.edu/postings.htm?pId=1854320
Sw co-op student,Mit lincoln laboratory,Massachusetts,Lexington,https://nucareers.northeastern.edu/postings.htm?pId=1854323
(ccis) co-op student sw engineering  grp 48  req 22481,Mit lincoln laboratory,Massachusetts,Lexington,https://nucareers.northeastern.edu/postings.htm?pId=1860419
Sw development and testing co-op  req 20561  grp 108,Mit lincoln laboratory,Massachusetts,Lexington,https://nucareers.northeastern.edu/postings.htm?pId=1854356
(ccis) active optical systems coop (10-06(  req 20161  grp 106,Mit lincoln laboratory,Massachusetts,Lexington,https://nucareers.northeastern.edu/postings.htm?pId=1854353
It hardware/software support coop  group 33  req 18924,Mit lincoln laboratory,Massachusetts,Lexington,https://nucareers.northeastern.edu/postings.htm?pId=1859222
(ccis) group 39: co-op student  req 21841,Mit lincoln laboratory,Massachusetts,Lexington,https://nucareers.northeastern.edu/postings.htm?pId=1859223
Air defense systems development/game theory co-op (grp 39  req 22141),Mit lincoln laboratory,Massachusetts,Lexington,https://nucareers.northeastern.edu/postings.htm?pId=1859224
Power electronics / power systems co-op,Mks instruments  inc.,Massachusetts,Andover,https://nucareers.northeastern.edu/postings.htm?pId=1858295
(ccis) product team/business analyst,Mmis  inc.,New hampshire,Portsmouth,https://nucareers.northeastern.edu/postings.htm?pId=1854686
Human computer interaction engineer for aerospace applications,Morse corporation,Massachusetts,Cambridge,https://nucareers.northeastern.edu/postings.htm?pId=1853987
Autonomy and robotics software engineer for aerospace applications,Morse corporation,Massachusetts,Cambridge,https://nucareers.northeastern.edu/postings.htm?pId=1853988
(ccis global) back end development internships in shanghai & beijing,My china opportunity (mco) - agency,Global ,Beijing,https://nucareers.northeastern.edu/postings.htm?pId=1858066
(ccis global) web developer/designer - schwann,My china opportunity (mco) - agency,Global ,Beijing,https://nucareers.northeastern.edu/postings.htm?pId=1858070
(ccis global) business in tech (beijing & shanghai),My china opportunity (mco) - agency,Global ,Beijing,https://nucareers.northeastern.edu/postings.htm?pId=1858071
(ccis global) front end developer- alibaba funded company,My china opportunity (mco) - agency,Global ,Beijing,https://nucareers.northeastern.edu/postings.htm?pId=1859178
Software engineering co-op,Nanoview diagnostics inc.,Massachusetts,Boston,https://nucareers.northeastern.edu/postings.htm?pId=1858418
Data science co-op,Nantero  inc.,Massachusetts,Woburn,https://nucareers.northeastern.edu/postings.htm?pId=1857840
Animation design co-op,Nanyang technological university,Global ,Singapore,https://nucareers.northeastern.edu/postings.htm?pId=1854100
(ccis) quantitative data analytics co-op,Natixis investment managers,Massachusetts,Boston,https://nucareers.northeastern.edu/postings.htm?pId=1857797
(ccis) it support co-op,Natixis investment managers,Massachusetts,Boston,https://nucareers.northeastern.edu/postings.htm?pId=1857798
Battery / cell modeling engineer,Nec corporation,Massachusetts,Westborough,https://nucareers.northeastern.edu/postings.htm?pId=1855644
It data analyst,Neptune lines,Global ,Piraeus,https://nucareers.northeastern.edu/postings.htm?pId=1856844
Administrative intern,Neurocare inc,Massachusetts,Newton,https://nucareers.northeastern.edu/postings.htm?pId=1855535
Hospital information management co-op,New england baptist hospital,Massachusetts,Boston,https://nucareers.northeastern.edu/postings.htm?pId=1858383
It co-op,Newbury corporation,Massachusetts,Dedham,https://nucareers.northeastern.edu/postings.htm?pId=1856841
Ux research intern,Nift networks  inc.,Massachusetts,Boston,https://nucareers.northeastern.edu/postings.htm?pId=1851285
Ios engineering intern,Noon home  inc.,California,Cupertino,https://nucareers.northeastern.edu/postings.htm?pId=1857096
(ccis) robotics programmer,Northeastern university college of computer and information science (ccis),Massachusetts,Boston,https://nucareers.northeastern.edu/postings.htm?pId=1856909
(ccis coe mis) resnet co-op,Northeastern university,Massachusetts,Boston,https://nucareers.northeastern.edu/postings.htm?pId=1851922
(ccis) research assistant: iot/mobile device security,Northeastern university,Massachusetts,Boston,https://nucareers.northeastern.edu/postings.htm?pId=1853616
(ccis) production analysis intern,Numeric investors llc,Massachusetts,Boston,https://nucareers.northeastern.edu/postings.htm?pId=1855233
(ccis) technology intern,Numeric investors llc,Massachusetts,Boston,https://nucareers.northeastern.edu/postings.htm?pId=1855235
Radar dsp engineer,Oculii corp.,Ohio,Beavercreek,https://nucareers.northeastern.edu/postings.htm?pId=1855314
Ux and visual designer,Oho interactive,Massachusetts,Somerville,https://nucareers.northeastern.edu/postings.htm?pId=1859143
(ccis) software engineer,Om1  inc.,Massachusetts,Boston,https://nucareers.northeastern.edu/postings.htm?pId=1855614
Business development co-op,One acre fund,New york,New york,https://nucareers.northeastern.edu/postings.htm?pId=1853913
People operations co-op,One acre fund,New york,New york,https://nucareers.northeastern.edu/postings.htm?pId=1853915
(ccis) full stack engineer co-op (startup in la),Open listings,California,Los angeles,https://nucareers.northeastern.edu/postings.htm?pId=1856101
(ccis) web developer/ux team,Oracle america  inc.,Massachusetts,Bedford,https://nucareers.northeastern.edu/postings.htm?pId=1858337
Investment analyst,Ovata capital management limited,Global ,Hong kong,https://nucareers.northeastern.edu/postings.htm?pId=1851089
(ccis) forward deployed software engineer in nyc,Palantir technologies inc.,New york,New york,https://nucareers.northeastern.edu/postings.htm?pId=1857135
(ccis) software engineer,Palantir technologies inc.,New york,New york,https://nucareers.northeastern.edu/postings.htm?pId=1857136
(ccis) equity team co-op,Panagora asset management  inc.,Massachusetts,Boston,https://nucareers.northeastern.edu/postings.htm?pId=1859892
Research assistant (sleep medicine),Partners healthcare,Massachusetts,Boston,https://nucareers.northeastern.edu/postings.htm?pId=1855539
Data scientist,Partners healthcare,Massachusetts,Boston,https://nucareers.northeastern.edu/postings.htm?pId=1856583
Web application programmer/data scientist,Partners healthcare,Massachusetts,Boston,https://nucareers.northeastern.edu/postings.htm?pId=1856587
Research intern,Partners healthcare,Massachusetts,Charlestown,https://nucareers.northeastern.edu/postings.htm?pId=1859586
(ccis) product intern community integrations developer,Perfecto mobile,Massachusetts,Burlington,https://nucareers.northeastern.edu/postings.htm?pId=1857408
(ccis) software engineering wearable sensors co-op,Philips,Massachusetts,Andover,https://nucareers.northeastern.edu/postings.htm?pId=1852067
(ccis) software engineering co-op,Philips,Massachusetts,Andover,https://nucareers.northeastern.edu/postings.htm?pId=1852821
(ccis) gpu developer engineer co-op,Philips,Massachusetts,Andover,https://nucareers.northeastern.edu/postings.htm?pId=1848297
(ccis) test automation software engineering co-op,Philips,Massachusetts,Andover,https://nucareers.northeastern.edu/postings.htm?pId=1852060
(ccis) apnea activity monitoring software engineer co-op,Philips,Massachusetts,Andover,https://nucareers.northeastern.edu/postings.htm?pId=1852070
(ccis) software engineer co-op,Pillpack inc.,Massachusetts,Somerville,https://nucareers.northeastern.edu/postings.htm?pId=1858495
Qa gaming co-op,Playlab,Global ,Bangkok,https://nucareers.northeastern.edu/postings.htm?pId=1854105
Administrative co-op at the american space,Polytechnic university of valencia,,,https://nucareers.northeastern.edu/postings.htm?pId=1854106
(ccis) it associate co-op,Power advocate  inc.,Massachusetts,Boston,https://nucareers.northeastern.edu/postings.htm?pId=1850657
Program support intern,Project rousseau,New york,Nyc,https://nucareers.northeastern.edu/postings.htm?pId=1847060
(ccis) analytical services software developer,Putnam investments,Massachusetts,Andover,https://nucareers.northeastern.edu/postings.htm?pId=1857138
Supply chain project manager co-op,Raytheon company,Massachusetts,Andover,https://nucareers.northeastern.edu/postings.htm?pId=1853635
Supplier manager co-op - andover,Raytheon company,Massachusetts,Andover,https://nucareers.northeastern.edu/postings.htm?pId=1853640
Supplier manager co-op - tucson,Raytheon company,Arizona,Tucson,https://nucareers.northeastern.edu/postings.htm?pId=1853642
Supply chain automation co-op,Raytheon company,Arizona,Tucson,https://nucareers.northeastern.edu/postings.htm?pId=1853646
(ccis) cyber engineering co-op,Raytheon company,Virginia,Ballston,https://nucareers.northeastern.edu/postings.htm?pId=1848000
(ccis) cyber engineering co-op,Raytheon company,Virginia,Dulles,https://nucareers.northeastern.edu/postings.htm?pId=1854960
(ccis) cyber engineering co-op,Raytheon company,Florida,Indiatlantic,https://nucareers.northeastern.edu/postings.htm?pId=1854965
(ccis) cyber engineering co-op,Raytheon company,South carolina,Greenville,https://nucareers.northeastern.edu/postings.htm?pId=1854969
(ccis) cyber engineering co-op,Raytheon company,Alabama,Huntsville,https://nucareers.northeastern.edu/postings.htm?pId=1854971
(ccis) cyber engineering co-op,Raytheon company,Georgia,Augusta,https://nucareers.northeastern.edu/postings.htm?pId=1854972
(ccis) cyber engineering co-op,Raytheon company,Texas,San antonio,https://nucareers.northeastern.edu/postings.htm?pId=1854966
(ccis) cyber engineering co-op,Raytheon company,Texas,Austin city limits,https://nucareers.northeastern.edu/postings.htm?pId=1854968
(ccis) cyber engineering co-op,Raytheon company,Hawaii,Honolulu,https://nucareers.northeastern.edu/postings.htm?pId=1854973
(ccis) cyber engineering co-op,Raytheon company,Pennsylvania,State college,https://nucareers.northeastern.edu/postings.htm?pId=1854974
(ccis) cyber engineering co-op,Raytheon company,Florida,Tampa,https://nucareers.northeastern.edu/postings.htm?pId=1854975
(ccis) data science co-op,Recorded future,Massachusetts,Somerville,https://nucareers.northeastern.edu/postings.htm?pId=1859487
(ccis) mobile developer,Redpoint positioning,Massachusetts,Boston,https://nucareers.northeastern.edu/postings.htm?pId=1850550
Application development engineering co-op (oos),Resonetics  llc,New hampshire,Nashua,https://nucareers.northeastern.edu/postings.htm?pId=1859638
(ccis) developer co-op,Rightpoint consulting,Massachusetts,Boston,https://nucareers.northeastern.edu/postings.htm?pId=1854183
(ccis) machine learning intern,Rocket software  inc.,Texas,Austin,https://nucareers.northeastern.edu/postings.htm?pId=1851544
(ccis) web developer co-op - brooklyn  ny,Ronik llc,New york,Brooklyn,https://nucareers.northeastern.edu/postings.htm?pId=1856586
(ccis) software engineer co-op,S2 security,Massachusetts,Framingham,https://nucareers.northeastern.edu/postings.htm?pId=1854140
Interdisciplinary design  engineering  and assurance students (ideas) r&d co-op,Sandia national laboratories,New mexico,Albuquerque,https://nucareers.northeastern.edu/postings.htm?pId=1845765
F&b software project manager intern,Selina,Global ,Medellin,https://nucareers.northeastern.edu/postings.htm?pId=1854445
Software engineer,Selux diagnostics  inc,Massachusetts,Watertown,https://nucareers.northeastern.edu/postings.htm?pId=1855424
(ccis) cyber security engineer,Seres therapeutics,Massachusetts,Cambridge,https://nucareers.northeastern.edu/postings.htm?pId=1856347
(ccis global) mobile developer co-op,Shopify,Global ,Ottawa,https://nucareers.northeastern.edu/postings.htm?pId=1851097
(ccis global) front end developer co-op,Shopify,Global ,Ottawa,https://nucareers.northeastern.edu/postings.htm?pId=1851103
Software engineer co-op,Smith & nephew plc,Massachusetts,Andover,https://nucareers.northeastern.edu/postings.htm?pId=1855462
(ccis) it/technical support coop,Smma,Massachusetts,Cambridge,https://nucareers.northeastern.edu/postings.htm?pId=1859413
(ccis) web development co-op (san diego),Sosolimited,California,San diego,https://nucareers.northeastern.edu/postings.htm?pId=1859128
Systems integration and validation engineer - hw/rf,Starry  inc.,Massachusetts,Boston,https://nucareers.northeastern.edu/postings.htm?pId=1851218
Systems integration and validation engineer - sw,Starry  inc.,Massachusetts,Boston,https://nucareers.northeastern.edu/postings.htm?pId=1851216
System software / firmware engineer,Starry  inc.,Massachusetts,Boston,https://nucareers.northeastern.edu/postings.htm?pId=1850714
Software engineer  javascript (node.js),Starry  inc.,Massachusetts,Boston,https://nucareers.northeastern.edu/postings.htm?pId=1850712
Software engineer  andriod,Starry  inc.,Massachusetts,Boston,https://nucareers.northeastern.edu/postings.htm?pId=1850715
Salesforce data support analyst,State street corporation,Massachusetts,Boston,https://nucareers.northeastern.edu/postings.htm?pId=1857721
Datagx undergraduate co-op,State street corporation,Massachusetts,Boston,https://nucareers.northeastern.edu/postings.htm?pId=1857751
Crm data analyst co-op,State street corporation,Massachusetts,Boston,https://nucareers.northeastern.edu/postings.htm?pId=1857219
Junior it business analyst,State street corporation,Massachusetts,Boston,https://nucareers.northeastern.edu/postings.htm?pId=1856879
Ssga it risk management co-op,State street corporation,Massachusetts,Boston,https://nucareers.northeastern.edu/postings.htm?pId=1846930
Jr. it business management,State street corporation,Massachusetts,Boston,https://nucareers.northeastern.edu/postings.htm?pId=1857746
(ccis) investment data analyst co-op,State street corporation,Massachusetts,Boston,https://nucareers.northeastern.edu/postings.htm?pId=1857862
(ccis) ssga infrastructure architecture co-op,State street corporation,Massachusetts,Boston,https://nucareers.northeastern.edu/postings.htm?pId=1857873
(ccis) it risk management co-op,State street corporation,Massachusetts,Boston,https://nucareers.northeastern.edu/postings.htm?pId=1855716
(ccis) junior developer co-op,State street corporation,Massachusetts,Boston,https://nucareers.northeastern.edu/postings.htm?pId=1855723
It financial reporting and analysis co-op,State street corporation,Massachusetts,Boston,https://nucareers.northeastern.edu/postings.htm?pId=1859515
(ccis) fixed income it co-op,State street corporation,Massachusetts,Boston,https://nucareers.northeastern.edu/postings.htm?pId=1859046
Machine learning/artificial intelligence intern,Swift engineering,Massachusetts,Concord?,https://nucareers.northeastern.edu/postings.htm?pId=1859653
Robotics software intern,Swift engineering,California,San clemente,https://nucareers.northeastern.edu/postings.htm?pId=1859655
Electrical intern,Swift engineering,California,San clemente,https://nucareers.northeastern.edu/postings.htm?pId=1859657
(ccis) software engineer co-op,Symbotic llc,Massachusetts,Wilmington,https://nucareers.northeastern.edu/postings.htm?pId=1852787
(ccis) software engineer co-op - 13244br,Teradyne  inc.,Massachusetts,North reading,https://nucareers.northeastern.edu/postings.htm?pId=1851819
(ccis) software verification engineering co-op - 13603br,Teradyne  inc.,Massachusetts,North reading,https://nucareers.northeastern.edu/postings.htm?pId=1851821
(ccis) it operations coop,Tesla  inc.,California,Palo alto,https://nucareers.northeastern.edu/postings.htm?pId=1860347
(ccis) software qa engineering,Tesla  inc.,California,Palo alto,https://nucareers.northeastern.edu/postings.htm?pId=1860348
(ccis) software engineering - backend  frontend  ui - internship/co-op,Tesla  inc.,California,Palo alto,https://nucareers.northeastern.edu/postings.htm?pId=1860349
(ccis) it infrastructure co-op,Tesla  inc.,California,Palo alto,https://nucareers.northeastern.edu/postings.htm?pId=1860373
Autopilot software engineering internship (fall 2017),Tesla  inc.,California,Palo alto,https://nucareers.northeastern.edu/postings.htm?pId=1854459
Technical writer co-op,Tesla  inc.,California,Palo alto,https://nucareers.northeastern.edu/postings.htm?pId=1851504
(ccis) autopilot software engineering,Tesla  inc.,California,Palo alto,https://nucareers.northeastern.edu/postings.htm?pId=1860337
(ccis) software engineering internship  embedded systems,Tesla  inc.,California,Palo alto,https://nucareers.northeastern.edu/postings.htm?pId=1860341
(ccis) data engineering,Tesla  inc.,California,Palo alto,https://nucareers.northeastern.edu/postings.htm?pId=1860344
It database associate engineer (data architecture team),The boston consulting group international inc,Massachusetts,Boston,https://nucareers.northeastern.edu/postings.htm?pId=1853557
(ccis) distinct program co-op,The charles stark draper laboratory inc,Massachusetts,Cambridge,https://nucareers.northeastern.edu/postings.htm?pId=1858332
Sensors and imaging co-op,The charles stark draper laboratory inc,Massachusetts,Cambridge,https://nucareers.northeastern.edu/postings.htm?pId=1858346
System software development & test co-op,The charles stark draper laboratory inc,Massachusetts,Cambridge,https://nucareers.northeastern.edu/postings.htm?pId=1851328
Cyber security - secure and reliable software co-op,The charles stark draper laboratory inc,Massachusetts,Cambridge,https://nucareers.northeastern.edu/postings.htm?pId=1851323
Ccis co-op (united kingdom  hong kong  colombia),The intern group - agency,Global ,London  hong kong  medellin,https://nucareers.northeastern.edu/postings.htm?pId=1846749
Full-stack software developer,The learning center for the deaf,Massachusetts,Framingham,https://nucareers.northeastern.edu/postings.htm?pId=1853932
(ccis) web development co-op,The mitre corporation,Massachusetts,Bedford,https://nucareers.northeastern.edu/postings.htm?pId=1851139
Disney professional internships,The walt disney company,Us,Multiple locations,https://nucareers.northeastern.edu/postings.htm?pId=1851581
Software co-op,Thermo fisher scientific inc.,Massachusetts,Franklin,https://nucareers.northeastern.edu/postings.htm?pId=1854822
(ccis) sw engineering intern embedded c,Third pole therapeutics,Massachusetts,Arlington,https://nucareers.northeastern.edu/postings.htm?pId=1850775
(ccis) software engineer co-op,Toast,Massachusetts,Boston,https://nucareers.northeastern.edu/postings.htm?pId=1846027
(ccis) software development intern,Token labs,Massachusetts,Boston,https://nucareers.northeastern.edu/postings.htm?pId=1853903
Assistant teacher  lincoln school,Town of brookline,Massachusetts,Brookline,https://nucareers.northeastern.edu/postings.htm?pId=1851678
(ccis) tripadvisor vacation rentals software engineer,Trip advisor llc,Massachusetts,Needham,https://nucareers.northeastern.edu/postings.htm?pId=1851073
(ccis) co-op security operations engineer,Trip advisor llc,Massachusetts,Needham,https://nucareers.northeastern.edu/postings.htm?pId=1851040
Ui/ux mobile design co-op,Trip advisor llc,New york,New york city,https://nucareers.northeastern.edu/postings.htm?pId=1852061
Energy markets analyst intern,Truelight energy,Massachusetts,Boston,https://nucareers.northeastern.edu/postings.htm?pId=1854383
Customer team co-op,Tulip,Massachusetts,Somerville,https://nucareers.northeastern.edu/postings.htm?pId=1847378
Administration communication & therapy assistants,Tunaweza children's centre,Global ,Kampala,https://nucareers.northeastern.edu/postings.htm?pId=1851902
(ccis) data visualization co-op,Two six labs,District of columbia,Arlington,https://nucareers.northeastern.edu/postings.htm?pId=1847648
Test engineer,United electronic industries  inc.,Massachusetts,Walpole,https://nucareers.northeastern.edu/postings.htm?pId=1854688
Medical intern,United planet - agency,Global ,Ho,https://nucareers.northeastern.edu/postings.htm?pId=1854777
Global health quest intern,United planet - agency,Global ,Dar es salaam,https://nucareers.northeastern.edu/postings.htm?pId=1854779
(ccis) software & applications engineering co-op,United technologies corporation,Massachusetts,Norwood,https://nucareers.northeastern.edu/postings.htm?pId=1851135
Graphic designer co-op,Urban group,Global ,Seoul,https://nucareers.northeastern.edu/postings.htm?pId=1854118
(ccis) junior developer,Usr id inc.,Massachusetts,Newton,https://nucareers.northeastern.edu/postings.htm?pId=1858102
Software quality assurance co-op,Verisk analytics  inc.,Massachusetts,Boston,https://nucareers.northeastern.edu/postings.htm?pId=1859166
Chemical biology co-op- mark,Vertex pharmaceuticals,Massachusetts,Boston,https://nucareers.northeastern.edu/postings.htm?pId=1855073
(ccis) software development intern,Vinyl technologies inc dba vytek,Massachusetts,Fitchburg,https://nucareers.northeastern.edu/postings.htm?pId=1847878
(ccis) r05079 intern  cpsbu - coop,Vmware,Massachusetts,Boston,https://nucareers.northeastern.edu/postings.htm?pId=1853775
(ccis) software development co-op,Voya financial,Massachusetts,Windsor,https://nucareers.northeastern.edu/postings.htm?pId=1859537
(ccis) analytics platform co-op,Warner bros. entertainment inc.,Massachusetts,Needham,https://nucareers.northeastern.edu/postings.htm?pId=1850466
Noc engineer,Wayfair llc,Massachusetts,Boston,https://nucareers.northeastern.edu/postings.htm?pId=1858164
Business intelligence co-op,Wayfair llc,Massachusetts,Boston,https://nucareers.northeastern.edu/postings.htm?pId=1856307
Pricing algorithms co-op,Wayfair llc,Massachusetts,Boston,https://nucareers.northeastern.edu/postings.htm?pId=1856311
Competitive intelligence co-op,Wayfair llc,Massachusetts,Boston,https://nucareers.northeastern.edu/postings.htm?pId=1856318
Software engineering / computer science / data analytics intern,Weather source,New hampshire,Salem,https://nucareers.northeastern.edu/postings.htm?pId=1854352
(ccis) nlp developer,Wevo,Massachusetts,Boston,https://nucareers.northeastern.edu/postings.htm?pId=1858393
(ccis) image processing developer,Wevo,Massachusetts,Boston,https://nucareers.northeastern.edu/postings.htm?pId=1858394
Biomedical signal processing engineer co-op,Whoop  inc.,Massachusetts,Boston,https://nucareers.northeastern.edu/postings.htm?pId=1859579
Engineering co-op,Wise systems,Massachusetts,Cambridge,https://nucareers.northeastern.edu/postings.htm?pId=1854483
(ccis) software engineer co-op,Wolters kluwer,Massachusetts,Waltham,https://nucareers.northeastern.edu/postings.htm?pId=1858827
(ccis) devops co-op,Wolters kluwer,Massachusetts,Waltham,https://nucareers.northeastern.edu/postings.htm?pId=1858826
Volcanology research assistant,Woods hole oceanographic institution,Massachusetts,Woods hole,https://nucareers.northeastern.edu/postings.htm?pId=1850462
(ccis) cloud infrastructure co-op,Worldpay - formerly vantiv,Massachusetts,Lowell,https://nucareers.northeastern.edu/postings.htm?pId=1859531
(ccis) software engineer co-op,Worldpay - formerly vantiv,Massachusetts,Lowell,https://nucareers.northeastern.edu/postings.htm?pId=1847787
(ccis) software engineering intern- emmeddables,Zendesk,California,San francisco,https://nucareers.northeastern.edu/postings.htm?pId=1854389
